EGDPM25,EGDPM10,ETYearPM25,ETYearPM10
1771418.77679,3798622.97188,485.997600313,982.66262811